police_record,confidence
Yes,49.766901479880374
Yes,49.766901479880374
No,22.013008598328557
No,34.321829753352226
Yes,34.321829753352226
No,45.06086916014914
Yes,0.0
Yes,0.0
Yes,35.11589805076638
